timestamp_ms,side,price,quantity,action
1704067230000,bid,42100,1,add
1704067230000,ask,42110,9,add
1704067290000,bid,42101,1,add
1704067290000,ask,42111,9,add
1704067350000,bid,42102,1,add
1704067350000,ask,42112,9,add
1704067410000,bid,42103,1,add
1704067410000,ask,42113,9,add
1704067470000,bid,42104,1,add
1704067470000,ask,42114,9,add
1704067530000,bid,42105,1,add
1704067530000,ask,42115,9,add
1704067590000,bid,42106,1,add
1704067590000,ask,42116,9,add
1704067650000,bid,42107,1,add
1704067650000,ask,42117,9,add
1704067710000,bid,42108,1,add
1704067710000,ask,42118,9,add
1704067770000,bid,42109,1,add
1704067770000,ask,42119,9,add
1704067830000,bid,42110,1,add
1704067830000,ask,42120,9,add
1704067890000,bid,42111,1,add
1704067890000,ask,42121,9,add
1704067950000,bid,42112,1,add
1704067950000,ask,42122,9,add
1704068010000,bid,42113,1,add
1704068010000,ask,42123,9,add
1704068070000,bid,42114,1,add
1704068070000,ask,42124,9,add
1704068130000,bid,42115,1,add
1704068130000,ask,42125,9,add
1704068190000,bid,42116,1,add
1704068190000,ask,42126,9,add
1704068250000,bid,42117,1,add
1704068250000,ask,42127,9,add
1704068310000,bid,42118,1,add
1704068310000,ask,42128,9,add
1704068370000,bid,42119,1,add
1704068370000,ask,42129,9,add
1704068430000,bid,42120,9,add
1704068430000,ask,42110,0,remove
1704068490000,bid,42121,9,add
1704068490000,ask,42111,0,remove
1704068550000,bid,42122,9,add
1704068550000,ask,42112,0,remove
1704068610000,bid,42123,9,add
1704068610000,ask,42113,0,remove
1704068670000,bid,42124,9,add
1704068670000,ask,42114,0,remove
1704068730000,bid,42125,9,add
1704068730000,ask,42115,0,remove
1704068790000,bid,42126,9,add
1704068790000,ask,42116,0,remove
1704068850000,bid,42127,9,add
1704068850000,ask,42117,0,remove
1704068910000,bid,42128,9,add
1704068910000,ask,42118,0,remove
1704068970000,bid,42129,9,add
1704068970000,ask,42119,0,remove
1704069030000,bid,42130,9,add
1704069030000,ask,42120,0,remove
1704069090000,bid,42131,9,add
1704069090000,ask,42121,0,remove
1704069150000,bid,42132,9,add
1704069150000,ask,42122,0,remove
1704069210000,bid,42133,9,add
1704069210000,ask,42123,0,remove
1704069270000,bid,42134,9,add
1704069270000,ask,42124,0,remove
1704069330000,bid,42135,9,add
1704069330000,ask,42125,0,remove
1704069390000,bid,42136,9,add
1704069390000,ask,42126,0,remove
1704069450000,bid,42137,9,add
1704069450000,ask,42127,0,remove
1704069510000,bid,42138,9,add
1704069510000,ask,42128,0,remove
1704069570000,bid,42139,9,add
1704069570000,ask,42129,0,remove
1704069630000,bid,42140,9,add
1704069630000,ask,42130,0,remove
1704069690000,bid,42141,9,add
1704069690000,ask,42131,0,remove
1704069750000,bid,42142,9,add
1704069750000,ask,42132,0,remove
1704069810000,bid,42143,9,add
1704069810000,ask,42133,0,remove
1704069870000,bid,42144,9,add
1704069870000,ask,42134,0,remove
1704069930000,bid,42145,9,add
1704069930000,ask,42135,0,remove
1704069990000,bid,42146,9,add
1704069990000,ask,42136,0,remove
1704070050000,bid,42147,9,add
1704070050000,ask,42137,0,remove
1704070110000,bid,42148,9,add
1704070110000,ask,42138,0,remove
1704070170000,bid,42149,9,add
1704070170000,ask,42139,0,remove
1704070230000,bid,42150,9,add
1704070230000,ask,42140,0,remove
1704070290000,bid,42151,9,add
1704070290000,ask,42141,0,remove
1704070350000,bid,42152,9,add
1704070350000,ask,42142,0,remove
1704070410000,bid,42153,9,add
1704070410000,ask,42143,0,remove
1704070470000,bid,42154,9,add
1704070470000,ask,42144,0,remove
1704070530000,bid,42155,9,add
1704070530000,ask,42145,0,remove
1704070590000,bid,42156,9,add
1704070590000,ask,42146,0,remove
1704070650000,bid,42157,9,add
1704070650000,ask,42147,0,remove
1704070710000,bid,42158,9,add
1704070710000,ask,42148,0,remove
1704070770000,bid,42159,9,add
1704070770000,ask,42149,0,remove
