timestamp_ms,bid_price,bid_size,ask_price,ask_size
1704067245000,42100,1,42110,9
1704067305000,42101,1,42111,9
1704067365000,42102,1,42112,9
1704067425000,42103,1,42113,9
1704067485000,42104,1,42114,9
1704067545000,42105,1,42115,9
1704067605000,42106,1,42116,9
1704067665000,42107,1,42117,9
1704067725000,42108,1,42118,9
1704067785000,42109,1,42119,9
1704067845000,42110,1,42120,9
1704067905000,42111,1,42121,9
1704067965000,42112,1,42122,9
1704068025000,42113,1,42123,9
1704068085000,42114,1,42124,9
1704068145000,42115,1,42125,9
1704068205000,42116,1,42126,9
1704068265000,42117,1,42127,9
1704068325000,42118,1,42128,9
1704068385000,42119,1,42129,9
1704068445000,42120,1,42130,9
1704068505000,42121,1,42131,9
1704068565000,42122,1,42132,9
1704068625000,42123,1,42133,9
1704068685000,42124,1,42134,9
1704068745000,42125,1,42135,9
1704068805000,42126,1,42136,9
1704068865000,42127,1,42137,9
1704068925000,42128,1,42138,9
1704068985000,42129,1,42139,9
1704069045000,42130,1,42140,9
1704069105000,42131,1,42141,9
1704069165000,42132,1,42142,9
1704069225000,42133,1,42143,9
1704069285000,42134,1,42144,9
1704069345000,42135,1,42145,9
1704069405000,42136,1,42146,9
1704069465000,42137,1,42147,9
1704069525000,42138,1,42148,9
1704069585000,42139,1,42149,9
1704069645000,42140,1,42150,9
1704069705000,42141,1,42151,9
1704069765000,42142,1,42152,9
1704069825000,42143,1,42153,9
1704069885000,42144,1,42154,9
1704069945000,42145,1,42155,9
1704070005000,42146,1,42156,9
1704070065000,42147,1,42157,9
1704070125000,42148,1,42158,9
1704070185000,42149,1,42159,9
1704070245000,42150,1,42160,9
1704070305000,42151,1,42161,9
1704070365000,42152,1,42162,9
1704070425000,42153,1,42163,9
1704070485000,42154,1,42164,9
1704070545000,42155,1,42165,9
1704070605000,42156,1,42166,9
1704070665000,42157,1,42167,9
1704070725000,42158,1,42168,9
1704070785000,42159,1,42169,9
