timestamp_ms,price,size,side,trade_id
1704067215000,42105,0.5,buy,t-0
1704067275000,42106,0.5,buy,t-1
1704067335000,42107,0.5,buy,t-2
1704067395000,42108,0.5,buy,t-3
1704067455000,42109,0.5,buy,t-4
1704067515000,42110,0.5,buy,t-5
1704067575000,42111,0.5,buy,t-6
1704067635000,42112,0.5,buy,t-7
1704067695000,42113,0.5,buy,t-8
1704067755000,42114,0.5,buy,t-9
1704067815000,42115,0.5,buy,t-10
1704067875000,42116,0.5,buy,t-11
1704067935000,42117,0.5,buy,t-12
1704067995000,42118,0.5,buy,t-13
1704068055000,42119,0.5,buy,t-14
1704068115000,42120,0.5,buy,t-15
1704068175000,42121,0.5,buy,t-16
1704068235000,42122,0.5,buy,t-17
1704068295000,42123,0.5,buy,t-18
1704068355000,42124,0.5,buy,t-19
1704068415000,42125,0.5,buy,t-20
1704068475000,42126,0.5,buy,t-21
1704068535000,42127,0.5,buy,t-22
1704068595000,42128,0.5,buy,t-23
1704068655000,42129,0.5,buy,t-24
1704068715000,42130,0.5,buy,t-25
1704068775000,42131,0.5,buy,t-26
1704068835000,42132,0.5,buy,t-27
1704068895000,42133,0.5,buy,t-28
1704068955000,42134,0.5,buy,t-29
1704069015000,42135,0.5,buy,t-30
1704069075000,42136,0.5,buy,t-31
1704069135000,42137,0.5,buy,t-32
1704069195000,42138,0.5,buy,t-33
1704069255000,42139,0.5,buy,t-34
1704069315000,42140,0.5,buy,t-35
1704069375000,42141,0.5,buy,t-36
1704069435000,42142,0.5,buy,t-37
1704069495000,42143,0.5,buy,t-38
1704069555000,42144,0.5,buy,t-39
1704069615000,42145,0.5,buy,t-40
1704069675000,42146,0.5,buy,t-41
1704069735000,42147,0.5,buy,t-42
1704069795000,42148,0.5,buy,t-43
1704069855000,42149,0.5,buy,t-44
1704069915000,42150,0.5,buy,t-45
1704069975000,42151,0.5,buy,t-46
1704070035000,42152,0.5,buy,t-47
1704070095000,42153,0.5,buy,t-48
1704070155000,42154,0.5,buy,t-49
1704070215000,42155,0.5,buy,t-50
1704070275000,42156,0.5,buy,t-51
1704070335000,42157,0.5,buy,t-52
1704070395000,42158,0.5,buy,t-53
1704070455000,42159,0.5,buy,t-54
1704070515000,42160,0.5,buy,t-55
1704070575000,42161,0.5,buy,t-56
1704070635000,42162,0.5,buy,t-57
1704070695000,42163,0.5,buy,t-58
1704070755000,42164,0.5,buy,t-59
